{
	"class_name" : "PinholeCameraParameters",
	"extrinsic" : 
	[
		-0.50161248419252313,
		0.39895510991988725,
		-0.76760649812974913,
		0.0,
		0.032024443314701112,
		-0.87813990547898335,
		-0.47733085112503026,
		0.0,
		-0.86449947989145104,
		-0.26401728480191022,
		0.42770962415316055,
		0.0,
		-0.14590358080393395,
		2.6961764933413539,
		5.5930767161019688,
		1.0
	],
	"intrinsic" : 
	{
		"height" : 1061,
		"intrinsic_matrix" : 
		[
			918.85295341528945,
			0.0,
			0.0,
			0.0,
			918.85295341528945,
			0.0,
			959.5,
			530.0,
			1.0
		],
		"width" : 1920
	},
	"version_major" : 1,
	"version_minor" : 0
}